Emplyee name,Emplyee name,find Duplicate,
Adelaide L Harrop,Abbey Schindler,N,N
Aiko Blossom,Abe J Macleod,N,N
Alexis Q Grose,Abe Morales,N,N
Aliza X Sammons,Abe X Paro,N,N
America V Lobel,Abram Q Keffer,N,N
Amiee Z Chaffins,Abram S Manrique,N,N
Andrew Detweiler,Adalberto W Creek,N,N
Brendon E Mone,Adam B Katzer,N,N
Buck H Rancourt,Adelaide L Harrop,N,N
Candelaria Zajicek,Adele M Burnam,N,N
Carlotta T Ryles,Adelia Abbas,N,N
Carmelia E Bergeron,Adelia U Villagomez,N,N
Carolin T Loya,Adell W Trower,N,N
Carolynn V Moynihan,Adella U Foushee,N,N
Cecily D Houser,Adelle E Brunner,N,N
Celine Baskin,Adria M Melendrez,N,N
Christie Rodger,Adriana O Medved,N,N
Clemente S Wiechmann,Agnes Blow,N,N
Deanna P Scoggin,Agnes D Doud,N,N
Detra D Rymer,Ahmad V Lynde,N,N
Devin Hales,Ahmed C Minch,N,N
Dulce E Grizzard,Ahmed I Strope,N,N
Edmund Mcclung,Ahmed V Lease,N,N
Elsy B Latta,Aiko Blossom,N,N
Fernando S Korhonen,Aileen F Hiltz,N,N
Garnett Dryer,Aileen Hiltz,N,N
Garrett S Nolette,Akiko S Godby,N,N
Inocencia Z Buteau,Al Fegley,N,N
Jamaal Z Resto,Alanna L Tyrell,N,N
Jamel Meaney,Albert Z Dunford,N,N
Janie P Caswell,Alda F Penning,N,N
Jayson S Carrol,Alden Cauley,N,N
Jeff E Lucero,Alden Y Cauley,N,N
Jeneva Y Bybee,Alease Lander,N,N
Jerlene P Dunnigan,Alease Y Lander,N,N
Jolanda Dewees,Alec Mcnees,N,N
Jon Arvizu,Aleisha H Mathew,N,N
Jon Behler,Alesia B Bear,N,N
Jordan Phu,Alexis C Amaral,N,N
Julius Q Stock,Alexis D Bonelli,N,N
Kaye Tubbs,Alexis Q Grose,N,N
Keira Y Till,Alfonzo Knupp,N,N
Ken X Weisberg,Alfred L Strausbaugh,N,N
Kendrick C Burchette,Alina L Prowell,N,N
Kenton Q Villalta,Alise Baltzell,N,N
Kylie K Freda,Alise O Baltzell,N,N
Larry K Mash,Alisha D Coppock,N,N
Laurena P Caston,Aliza X Sammons,N,N
Loren H Mckenzie,Allen L Vachon,N,N
Mack L Lykes,Allene T Lepe,N,N
Mauricio I Streets,Alline V Kushner,N,N
Maximina K Frates,Allyn O Farrior,N,N
Narcisa C Rayburn,Allyson I Ours,N,N
Nettie T Mccandless,Almeda M Dunford,N,N
Patria D Riedel,Alonzo W Stanford,N,N
Reinaldo G Castellanos,Alphonso Laffoon,N,N
Renaldo K Cheatham,Alphonso U Laffoon,N,N
Scott D Torrey,Alysia Basil,N,N
Sheryll X Broadbent,Amada J Knouse,N,N
Stephan Q Ranger,Amado C Bonet,N,N
Stewart Mazurek,Amelia H Burbank,N,N
Susana H Hooks,America V Lobel,N,N
Taneka Q Church,Amiee Z Chaffins,N,N
Taylor Thill,Analisa X Birdsell,N,N
Therese Q Belden,Andre Q Maxon,N,N
Tiny Q Llanos,Andrea Rhymes,N,N
Toney W Bollman,Andreas L Kennard,N,N
Toya B Rawlins,Andreas T Viles,N,N
Valene Z Woodmansee,Andres P Towles,N,N
Vaughn Garica,Andres S Garner,N,N
Vernell X Amado,Andrew D Hersey,N,N
Walton S Keim,Andrew Detweiler,N,N
,Andrew P Detweiler,,
,Andria Z Reza,,
,Angel F Palomino,,
,Angel Ferebee,,
,Angela P Lorenzen,,
,Angelo B Fitzmaurice,,
,Anibal F Pieper,,
,Anisha Jasmin,,
,Annabelle E Encinas,,
,Annette Jolin,,
,Antone Polston,,
,Antone W Polston,,
,Archie Blair,,
,Arden B Fujita,,
,Arlen F Maly,,
,Arlen Joly,,
,Arlen M Joly,,
,Arlen Z Vanslyke,,
,Armando H Seaborn,,
,Armida Bridwell,,
,Arnoldo D Mckeen,,
,Aron Durante,,
,Arron R Vegas,,
,Arturo N Halvorsen,,
,Asa E Kunze,,
,Ashanti R Swim,,
,Ashlie G Cadena,,
,Asley F Mcewan,,
,Astrid Marinelli,,
,Astrid R Marinelli,,
,Asuncion X Braunstein,,
,Audrea B Prather,,
,Audrea K Papineau,,
,Audria W Barrios,,
,Audrie X Mccammon,,
,August C Navarette,,
,August C Strother,,
,August F Dones,,
,Augusta G Kircher,,
,Aundrea W Lundberg,,
,Aurelio K Wyckoff,,
,Austin Janney,,
,Ayako Bachmann,,
,Ayako L Bachmann,,
,Barak Sali,,
,Barrie Collman,,
,Barrie E Collman,,
,Bart B Gilcrease,,
,Beatrice A Knopf,,
,Beatrice Coen,,
,Beatrice T Coen,,
,Bell N Molinaro,,
,Belva Fitzwater,,
,Ben Gigliotti,,
,Ben Lagrange,,
,Ben N Lamson,,
,Ben U Gigliotti,,
,Benedict B Wix,,
,Benedict U Daye,,
,Bennie E Manfredi,,
,Benny S Brinker,,
,Berna Z Stoller,,
,Bernard A Harbert,,
,Bernard Harbert,,
,Bernard N Weatherly,,
,Bernarda E Gervais,,
,Bernardina X Roesch,,
,Bernardo I Garzon,,
,Bernardo X Barbee,,
,Bernie M Kish,,
,Bert Q Lauritzen,,
,Bert S Kinkade,,
,Bertha E Harbison,,
,Beryl Helsel,,
,Bethann Marini,,
,Bill Tarkington,,
,Billie Liang,,
,Birdie Savoy,,
,Blanch Y Mysliwiec,,
,Bo E Curlee,,
,Bobbie P Chumley,,
,Bobbie Q Holbrook,,
,Bobbie S Miner,,
,Bobbie X Schoenrock,,
,Bong M Alvares,,
,Bonny Poor,,
,Bonny S Poor,,
,Boris A Mccown,,
,Brad I Pattison,,
,Bradford K Marlatt,,
,Brande Sevier,,
,Brendon E Mone,,
,Brendon J Camp,,
,Brendon V Crowther,,
,Brent U Perlman,,
,Brenton U Boyett,,
,Bret C Delancey,,
,Brett Z Vadnais,,
,Bridget D Spadaro,,
,Bridget Rake,,
,Brigitte D Fendley,,
,Britt P Shivers,,
,Britt Shivers,,
,Bruna R Welke,,
,Bryan J Stampley,,
,Bryan V Guyton,,
,Bryanna Pyron,,
,Bryant L Kinsman,,
,Bryce B Edens,,
,Buck H Rancourt,,
,Buck Rancourt,,
,Bud Kistner,,
,Bud L Lofgren,,
,Bud Lofgren,,
,Buddy G Steinbeck,,
,Buddy W Lofgren,,
,Buford Q Giancola,,
,Bula Reich,,
,Burton C Jin,,
,Caleb Luther,,
,Cameron A Chamberland,,
,Cameron Chamberland,,
,Cameron K Gratton,,
,Candelaria Q Zajicek,,
,Candelaria Zajicek,,
,Carey J Sandlin,,
,Carey N Mccready,,
,Carl M Paddock,,
,Carlo B Ali,,
,Carlos Banh,,
,Carlotta T Ryles,,
,Carlton P Bose,,
,Carlton P Mahurin,,
,Carly L Sirianni,,
,Carmelia E Bergeron,,
,Carmelia R Lattimer,,
,Carmen F Barret,,
,Carmen U Benbow,,
,Carmon A Howlett,,
,Carolin T Loya,,
,Carolina B Pasillas,,
,Carolynn V Moynihan,,
,Carrol Arend,,
,Carrol O Arend,,
,Carter B Hilderbrand,,
,Carter C Hunt,,
,Casey D Krier,,
,Cassaundra K Polito,,
,Cayla Mealy,,
,Cecil Teixeira,,
,Cecily D Houser,,
,Cedric N Cavallo,,
,Cedrick Engelhardt,,
,Cedrick K Engelhardt,,
,Cedrick M Cordle,,
,Celesta L Reeser,,
,Celestine H Alderson,,
,Celinda C Magruder,,
,Celine Baskin,,
,Chadwick I Hargreaves,,
,Charity N Denman,,
,Charles S Nicholes,,
,Charlie Moxley,,
,Charlie V Koeller,,
,Chase J Paradise,,
,Chase Paradise,,
,Chase T Scurry,,
,Chau R Barron,,
,Chauncey Southerland,,
,Chaya W Caudle,,
,Chere Patchett,,
,Cheree Lusk,,
,Chester N Sitz,,
,Chi S Clopton,,
,Ching D Applegate,,
,Chris Braggs,,
,Chrissy H Edmonson,,
,Christena Kratz,,
,Christene Blakemore,,
,Christene F Blakemore,,
,Christene L Mccaleb,,
,Christi H Amaker,,
,Christie Rodger,,
,Christoper K Manzano,,
,Chung J Moynihan,,
,Cicely W Colton,,
,Cindie T Madden,,
,Clara B Sifuentes,,
,Clarence Hinkson,,
,Clarence J Hinkson,,
,Claretta D Wingert,,
,Clark Spence,,
,Claudio Q Bien,,
,Clemente S Wiechmann,,
,Clemmie F Montague,,
,Cleveland A Zinke,,
,Cleveland Franko,,
,Cleveland W Franko,,
,Cliff Skipworth,,
,Clint Q Orear,,
,Clint Q Strayhorn,,
,Clint Strayhorn,,
,Clinton Tschida,,
,Clotilde Mason,,
,Clotilde X Mason,,
,Clyde P Ponton,,
,Cole Dellinger,,
,Cole M Dellinger,,
,Cole N Poling,,
,Colin V Likens,,
,Colleen B Lenihan,,
,Colton B Salzman,,
,Colton Salzman,,
,Conrad R Saito,,
,Conrad Saito,,
,Cordell M Tweedy,,
,Cordell Riche,,
,Cordia M Knopp,,
,Corey F Stowe,,
,Corina U Korhonen,,
,Cortez F Espiritu,,
,Coy I Gentner,,
,Cristal Q Kucharski,,
,Cristi T Clem,,
,Crystal Comes,,
,Crystal U Comes,,
,Curtis E Quayle,,
,Cyndy Ary,,
,Cyndy H Ary,,
,Cythia I Stecker,,
,Daina U Ledet,,
,Dale Childers,,
,Dale E Childers,,
,Damian F Mcgaughey,,
,Damian X Grist,,
,Damien A Izquierdo,,
,Dane Lawrence,,
,Danette A Kuykendall,,
,Daniel L Nava,,
,Danilo Hammes,,
,Danilo S Hammes,,
,Darcel P Burford,,
,Darin Keitt,,
,Darin U Shipp,,
,Darren U Shoulders,,
,Darron Tittle,,
,Darwin W Lemoine,,
,Davida A Funkhouser,,
,Davis Z Gaylor,,
,Dawna T Woodbury,,
,Dawne Y Gardner,,
,Dayna M Edmondson,,
,Deandre U Groleau,,
,Deane I Keown,,
,Deanna P Scoggin,,
,Debbie C Lipsey,,
,Debrah X Flury,,
,Dee Joslyn,,
,Deeanna E Cluck,,
,Delana I Selfridge,,
,Delana Y Freedman,,
,Delfina O Day,,
,Delphine P Carpio,,
,Delsie R Tennison,,
,Demarcus Recio,,
,Denis T Yelle,,
,Denis Y Fehr,,
,Dennis K Cayer,,
,Deon U Mounce,,
,Derick A Macey,,
,Derrick Culbreth,,
,Deshawn O Mankin,,
,Desirae D Ginn,,
,Desirae Ginn,,
,Desiree L Sobel,,
,Detra D Rymer,,
,Devin Hales,,
,Devin U Hales,,
,Dewayne X Groom,,
,Dian I Peachey,,
,Digna Q Eck,,
,Dion K Taylor,,
,Dion Taylor,,
,Don Southwick,,
,Donald H Mazur,,
,Donald P Phaneuf,,
,Dong B Sturdevant,,
,Dong Sturdevant,,
,Donna R Woodrum,,
,Donnell Babbitt,,
,Donte H Granger,,
,Donya G Rodden,,
,Dorethea U Engram,,
,Doria Z Crouse,,
,Dorla G Westberry,,
,Dorothea J Canterbury,,
,Dorothy Gard,,
,Dorothy Q Gard,,
,Dortha Z Harty,,
,Dottie D Hagaman,,
,Dottie Hagaman,,
,Doug B Southwick,,
,Douglas Cull,,
,Dovie F Larue,,
,Dovie Nickerson,,
,Dovie U Nickerson,,
,Doyle Grindstaff,,
,Doyle N Utter,,
,Doyle T Grindstaff,,
,Doyle Utter,,
,Drucilla Simkins,,
,Dudley G Slocum,,
,Dudley Slocum,,
,Dulce E Grizzard,,
,Dulce Grizzard,,
,Duncan O Maheu,,
,Dustin Y Espey,,
,Dusty L Kugler,,
,Dwain O Upham,,
,Dwain Upham,,
,Dwayne Marker,,
,Dwayne W Marker,,
,Earlean Funke,,
,Earlean Y Funke,,
,Earnest H Birkholz,,
,Eartha Z Oceguera,,
,Ed Shockley,,
,Ed X Shockley,,
,Eda O Brase,,
,Edgar Teer,,
,Edmund K Masuda,,
,Edmund Mcclung,,
,Edmundo R Rew,,
,Edra M Guthrie,,
,Effie Jelinek,,
,Efrain L Wass,,
,Efrain Moats,,
,Efren G Ager,,
,Ela K Hames,,
,Eladia A Braggs,,
,Elaine B Randazzo,,
,Eldridge B Bose,,
,Eldridge Bose,,
,Eldridge M Benningfield,,
,Eleanor D Dickson,,
,Eleanora Farthing,,
,Elease H Burger,,
,Elenor B Gibbs,,
,Elenora S Whitehill,,
,Elenora V Halley,,
,Eleonora Pollard,,
,Eleonora S Pollard,,
,Elias Pinkard,,
,Elias Y Pinkard,,
,Elijah P Elkin,,
,Elijah X Ahmad,,
,Eliz R Linneman,,
,Elliott Chess,,
,Ellis J Mccune,,
,Ellis V Mcneel,,
,Elmo G Pagano,,
,Elois Z Ono,,
,Eloise Demoss,,
,Eloise Z Demoss,,
,Elroy Kimbler,,
,Elroy L Shorts,,
,Elroy N Kimbler,,
,Elsie S Depaz,,
,Elsy B Latta,,
,Elsy Beyer,,
,Elvis J Stroh,,
,Elvis Stroh,,
,Elvis Veiga,,
,Elwood T More,,
,Emeline I Richer,,
,Emery P Sorrells,,
,Emiko Z Lolley,,
,Emile Aponte,,
,Emma Dice,,
,Emma Monti,,
,Emma X Monti,,
,Emmanuel G Chamorro,,
,Emmitt X Plante,,
,Employees,,
,Ena Mullins,,
,Ena Thor,,
,Enda Kirchner,,
,Eric C Irvine,,
,Erica S Harlan,,
,Erik W Steffen,,
,Erin K Stclair,,
,Erin L Jasmin,,
,Ernestine E Fludd,,
,Ernestine Fludd,,
,Esmeralda N Veliz,,
,Estella E Miley,,
,Etsuko O Wilmot,,
,Ettie S Stilwell,,
,Eveline B Strecker,,
,Evon Q Lawson,,
,Ewa B Staples,,
,Exie C Bradham,,
,Ezequiel N Shell,,
,Ezra Calvert,,
,Fabian Say,,
,Faustino Scheffel,,
,Fawn Buckman,,
,Fe A Schrock,,
,Federico B Edmond,,
,Federico Edmond,,
,Federico I Carlile,,
,Felisha Q Ettinger,,
,Felix S Croker,,
,Femi Grek,,
,Ferdinand Ramsdell,,
,Fermin L Zapata,,
,Fernando Korhonen,,
,Fernando S Korhonen,,
,Forest Z Blewett,,
,Forest Z Hacker,,
,Forrest Q Zell,,
,Francis O Encarnacion,,
,Frank O Mallon,,
,Frankie I Speed,,
,Franklyn V Hummell,,
,Freddie C Headen,,
,Freddy A Rolling,,
,Freddy Rolling,,
,Fredericka J Varney,,
,Gabriel E Pearsall,,
,Gabriel S Beale,,
,Galina G Woodbury,,
,Garland J Verville,,
,Garland Z Leavell,,
,Garnett Dryer,,
,Garret Flakes,,
,Garrett Nolette,,
,Garrett S Nolette,,
,Gavin V Mckillip,,
,Gearldine Stolte,,
,Gema S Grover,,
,Gemma I Chilton,,
,Genaro Lukasik,,
,George U Clouser,,
,Georgiann C Harrell,,
,Georgiann Harrell,,
,Gerardo Q Bergen,,
,Geri M Tuthill,,
,Gerry D Woolery,,
,Gerry Harvey,,
,Gerry X Koh,,
,Gertrud B Glidden,,
,Gertrud Glidden,,
,Gia M Casas,,
,Gidget X Loring,,
,Gilbert M Wolfgram,,
,Gilbert Z Bloss,,
,Gilberto U Greaves,,
,Giovanna M Clift,,
,Giuseppe D Chouinard,,
,Giuseppina Dagostino,,
,Giuseppina E Fink,,
,Giuseppina N Dagostino,,
,Glady Q Kump,,
,Glenn N Vinyard,,
,Glenn Vinyard,,
,Gracie P Lett,,
,Grady Y Perera,,
,Graham O Romeo,,
,Gregorio H Hottinger,,
,Gregory I Kidwell,,
,Grisel R Whitty,,
,Grisel Sutton,,
,Grover Mcgahey,,
,Guillermo X Schwan,,
,Gustavo F Rouse,,
,Guy S Troy,,
,Gwyn E Etzel,,
,Gwyn Etzel,,
,Gwyn I Parish,,
,Gwyn N Mitzel,,
,Hai Y Arden,,
,Hal K Kells,,
,Hal Kells,,
,Haley G Bova,,
,Hannah K Ma,,
,Hans G Koh,,
,Harland S Renshaw,,
,Harriett A Mccurry,,
,Hassan Radabaugh,,
,Hayden E Novack,,
,Hayden J Jang,,
,Heath Aikin,,
,Heath Fell,,
,Heath K Fell,,
,Herb B Irving,,
,Heriberto Rollo,,
,Heriberto Starkey,,
,Heriberto Y Starkey,,
,Herlinda U Negron,,
,Hermila X Crosslin,,
,Hester B Cabana,,
,Hettie S Lauber,,
,Hiram K Stokely,,
,Holley M Cathcart,,
,Holli G Ethridge,,
,Hollis Z Carr,,
,Homer Hollowell,,
,Honey D Eaves,,
,Hong M Townson,,
,Horace Hobart,,
,Horacio S Salazar,,
,Hosea B Michelson,,
,Houston K Joe,,
,Hoyt O Reiss,,
,Hubert L Kirkland,,
,Hugh N Chavira,,
,Hui Bizzell,,
,Hui E Bizzell,,
,Hung H Nicola,,
,Hyun M Gloss,,
,Hyun Z Bynoe,,
,Iliana Fogle,,
,Iliana M Fogle,,
,Ilse X Harr,,
,Ingeborg Z Weisser,,
,Inger Gillan,,
,Inocencia Z Buteau,,
,Irene Ellerbee,,
,Irving C Pillar,,
,Irwin River,,
,Isaac O Dempster,,
,Isaac Tsan,,
,Isabella X Russell,,
,Isaiah G Parrish,,
,Isaiah Y Magwood,,
,Isiah S Coppock,,
,Isiah Wilkie,,
,Isis F Hash,,
,Isis N Rufus,,
,Isobel K Dance,,
,Israel T Hertzler,,
,Isreal F Metoyer,,
,Isreal Metoyer,,
,Ivan A Groner,,
,Izetta B Alford,,
,Izola E Ye,,
,Jacinda X Michalec,,
,Jacinta Y Cheney,,
,Jack J Warfel,,
,Jack Partin,,
,Jackie P Montague,,
,Jackie Sachs,,
,Jae B Isabell,,
,Jaleesa I Averett,,
,Jamaal Resto,,
,Jamaal Z Resto,,
,Jamal G Dimarco,,
,Jamel Meaney,,
,Jamey S Seim,,
,Jamison Crutchfield,,
,Jamison U Crutchfield,,
,Janean A Tyler,,
,Janessa M Drennen,,
,Janie P Caswell,,
,Jaquelyn C Holzman,,
,Jarred C Class,,
,Jarred Class,,
,Jason V Gravois,,
,Jasper P Barnaby,,
,Jayme B Shimer,,
,Jayson S Carrol,,
,Jazmin Wheless,,
,Jc Meyers,,
,Jc S Meyers,,
,Jeanetta N Norden,,
,Jeanna U Li,,
,Jeff E Lucero,,
,Jeff Mallon,,
,Jeff W Zacarias,,
,Jefferey Folkerts,,
,Jefferson N Thurman,,
,Jeffery A Brafford,,
,Jeffrey Berg,,
,Jenell S Sauers,,
,Jeneva Y Bybee,,
,Jennefer Ours,,
,Jenni Olguin,,
,Jennifer Z Pridgen,,
,Jeramy F Metoyer,,
,Jeramy T Londono,,
,Jeremiah Harriss,,
,Jeremiah N Curran,,
,Jeremy Belew,,
,Jerlene P Dunnigan,,
,Jerome P Whitefield,,
,Jerome Spangler,,
,Jerome Whitefield,,
,Jerrell Mcfarlin,,
,Jerri Dunkle,,
,Jesus E Mclelland,,
,Jesus H Guillen,,
,Jesus Tafolla,,
,Jewel R Willhite,,
,Jillian Harry,,
,Jim J Lurie,,
,Jimmie A Rorie,,
,Jimmie Esqueda,,
,Jimmie F Vasquez,,
,Jimmy Canaday,,
,Joanie N Folkerts,,
,Joanna Deforest,,
,Joanna H Deforest,,
,Joanna M Sandefur,,
,Joannie E Wolters,,
,Joaquin Vaz,,
,Jocelyn Q Scotti,,
,Jody K Rude,,
,Jody Slavens,,
,Joel S Maine,,
,Joesph Y Shrout,,
,Johnie Centers,,
,Johnie V Centers,,
,Jolanda Dewees,,
,Jolanda L Dewees,,
,Joleen H Chea,,
,Joline Frisby,,
,Jon Arvizu,,
,Jon Behler,,
,Jong Borchers,,
,Jong U Borchers,,
,Jordan D Phu,,
,Jordan Phu,,
,Jorge R Coghlan,,
,Jose P Tubbs,,
,Josette Betancourt,,
,Josette R Betancourt,,
,Josiah R Gutierres,,
,Josie Hofman,,
,Judith D Gourdine,,
,Judith Gourdine,,
,Judson Y Hodson,,
,Jules Shugart,,
,Julio Bryce,,
,Julio Dockery,,
,Julio P Bryce,,
,Julio P Dockery,,
,Julius N Bakker,,
,Julius Q Stock,,
,Junita Huhn,,
,Junita Y Huhn,,
,Kaci Whitacre,,
,Kacy Cairns,,
,Kali Kennamer,,
,Kandis Owenby,,
,Karie Renninger,,
,Karima Metivier,,
,Karisa B Glidewell,,
,Karisa Glidewell,,
,Karl O Langlinais,,
,Karlene L Mckean,,
,Kasi Blakeslee,,
,Kassie Akers,,
,Kassie Q Binder,,
,Kate O Paull,,
,Katelin F Coney,,
,Katheryn Holtzclaw,,
,Katia Foran,,
,Katie N Kinnison,,
,Kaye Tubbs,,
,Keenan W Spruell,,
,Keila A Lucas,,
,Keila F Lofland,,
,Keira Till,,
,Keira Y Till,,
,Keith B Macha,,
,Keith E Moyes,,
,Keith Q Ofarrell,,
,Keitha Foran,,
,Kellee L Gravelle,,
,Ken X Weisberg,,
,Kendrick Burchette,,
,Kendrick C Burchette,,
,Kenneth Lucius,,
,Kenton Q Villalta,,
,Kenton Villalta,,
,Kermit L Mcphail,,
,Kermit Mcphail,,
,Kerri Y Card,,
,Keven A Jewell,,
,Keven Bingham,,
,Keven F Bingham,,
,Keven H Araiza,,
,Khalilah A Campo,,
,Kiara G Abrahamson,,
,Kiara T Martinez,,
,Kieth D Castelli,,
,Kieth G Coney,,
,Kimberlee J Hawkins,,
,Kimberly Duquette,,
,Kimberly K Carr,,
,Kindra V Cruickshank,,
,Kirby W Estrella,,
,Kirstie Macey,,
,Kirstie W Macey,,
,Kitty S Sickles,,
,Kizzy W Brazelton,,
,Korey I Garrity,,
,Korey U Eddington,,
,Kori J Fairfax,,
,Kraig P Brownfield,,
,Kris Bice,,
,Kris L Bice,,
,Krishna G Raby,,
,Krissy S Valazquez,,
,Kristal F Bickford,,
,Kristen A Beauchemin,,
,Kristie E Jain,,
,Kristle D Figgs,,
,Kristofer N Calahan,,
,Kristofer Y Fizer,,
,Kristopher Alejos,,
,Kurtis C Irons,,
,Kylie K Freda,,
,Lacy Deshotel,,
,Lacy Q Deshotel,,
,Lakenya Z Mccroskey,,
,Lala C Marquez,,
,Lala R Denman,,
,Lamar A Partida,,
,Lamar L Legg,,
,Lamar W Estill,,
,Lamont J Brescia,,
,Lance Pennington,,
,Lanelle W Berlanga,,
,Larisa Still,,
,Larisa X Strauss,,
,Larry K Mash,,
,Larry Osby,,
,Lashaunda Y Munden,,
,Latanya C Law,,
,Latia Gleaton,,
,Latrice Kirch,,
,Launa N Kohl,,
,Lauren O Guzzi,,
,Lauren R Hennessy,,
,Laurena P Caston,,
,Laurence K Ryles,,
,Laurinda Dinh,,
,Lavada Maldanado,,
,Lavada W Maldanado,,
,Lavette P Cheney,,
,Lawerence W Abernethy,,
,Leanna X Tibbetts,,
,Leda X Haskell,,
,Leda Y Fabre,,
,Leif Harness,,
,Leif Y Harness,,
,Leigh Y Haws,,
,Leland C Fifield,,
,Leland David,,
,Lemuel V Darden,,
,Lemuel W Hardman,,
,Lenny U Rister,,
,Leonel S Yuan,,
,Leonia Y Derosier,,
,Leonore Reason,,
,Leopoldo U Hole,,
,Leroy H Styron,,
,Les Priolo,,
,Les V Bejarano,,
,Les V Gran,,
,Lesha K Cai,,
,Lesley Macpherson,,
,Leslie I Stolte,,
,Leslie Stolte,,
,Lester Coldiron,,
,Letha L Apel,,
,Leticia V Lewandowski,,
,Lewis M Racette,,
,Lezlie Z Bohannan,,
,Lia J Liner,,
,Lia Liner,,
,Liana T Quesenberry,,
,Liane U Grafton,,
,Lianne M Sweeney,,
,Lianne Sweeney,,
,Liberty A Shroyer,,
,Lidia Kuiper,,
,Lidia S Gerling,,
,Ligia Hoeft,,
,Lilli Tartt,,
,Lincoln D Cauley,,
,Lincoln D Demaria,,
,Lincoln Demaria,,
,Lindsey W Whittle,,
,Lindy M Reel,,
,Linette Q Menard,,
,Linh U Ashton,,
,Linn Plummer,,
,Lino M Lizarraga,,
,Linsey P Orsini,,
,Linwood H Carter,,
,Linwood J Franqui,,
,Lisa C Sheridan,,
,Lisette F Cowley,,
,Liz R Lomonaco,,
,Lizzette G Moyle,,
,Lizzette Moyle,,
,Lizzie D Ratcliff,,
,Logan D Berryman,,
,Lois Cozad,,
,Lona T Collar,,
,Londa Petrey,,
,Londa T Maya,,
,Loraine Barnes,,
,Loralee V Ball,,
,Loren H Mckenzie,,
,Loren I Casady,,
,Loren Isaac,,
,Lorette Y Petrillo,,
,Lorri Garney,,
,Lorriane P Ho,,
,Lottie Bonin,,
,Lottie G Bonin,,
,Lou Baine,,
,Louann X Sakamoto,,
,Love G Lent,,
,Lowell Demmer,,
,Lucas Funes,,
,Lucas P Funes,,
,Luciana N Campfield,,
,Lucienne U Clyne,,
,Lucinda Z Borton,,
,Lucius C Moorhead,,
,Lucy Reiser,,
,Luella W Kemmerer,,
,Luigi G Lembo,,
,Luke S Tumlin,,
,Lyla Donald,,
,Lyla Q Donald,,
,Lyn Q Tso,,
,Lyn Tso,,
,Lyndon Dunkley,,
,Lynn M Blocher,,
,Lynwood Durfee,,
,Lynwood Q Durfee,,
,Mac Lineberry,,
,Mac U Palmquist,,
,Mac V Lineberry,,
,Mack L Lykes,,
,Madalene J Martine,,
,Madelyn W Boos,,
,Magaly Mcneel,,
,Magaly U Mcneel,,
,Maire Mair,,
,Malcolm Y Bonaparte,,
,Malcom Darrah,,
,Malcom L Meister,,
,Man W Bean,,
,Mandy Lavalley,,
,Mandy W Lavalley,,
,Marcell T Farias,,
,Marcella Mapp,,
,Marcella Z Mapp,,
,Marcellus H Macintyre,,
,Marcellus Jalbert,,
,Marco J Desilva,,
,Marg Dunfee,,
,Margarett E Mulford,,
,Margarite E Blalock,,
,Margarito M Oxendine,,
,Margarito O Retana,,
,Margarito Retana,,
,Marget Dials,,
,Margit E Gallion,,
,Margit Gallaher,,
,Margrett M Confer,,
,Mariam F Pinheiro,,
,Mariano F Leary,,
,Mariano Y Kyles,,
,Maricela Pendergrass,,
,Marina X Quayle,,
,Maris S Briggs,,
,Marissa S Hughes,,
,Marivel Seiter,,
,Mark F Hamman,,
,Marketta Candelaria,,
,Markus J Lamm,,
,Marlana W Zak,,
,Marleen R Guyette,,
,Marlon M Caddell,,
,Marni O Otter,,
,Mary Y Tate,,
,Maryellen E Zackery,,
,Maryellen H Hartness,,
,Maryjo Mccloy,,
,Maryln H Springfield,,
,Marylouise Howland,,
,Marylyn K Ditto,,
,Marylynn Ealey,,
,Marylynn G Ealey,,
,Mason Shiflett,,
,Mathilda Monty,,
,Matt D Bramblett,,
,Mauricio I Streets,,
,Mauricio U Talty,,
,Maximina K Frates,,
,Maxwell Azevedo,,
,Maxwell H Azevedo,,
,Maybelle Rush,,
,Mckinley H Scofield,,
,Meda I Hayner,,
,Mei H Silvera,,
,Melida R Corle,,
,Mellissa Hembree,,
,Mervin E Goering,,
,Mervin Goering,,
,Meryl B Jude,,
,Meryl Gow,,
,Meryl I Nau,,
,Meryl Nau,,
,Mica Z Herzberg,,
,Micaela N Buker,,
,Micheal F Mcleroy,,
,Mickey E Hentges,,
,Mickey Hentges,,
,Micki R Jauregui,,
,Mignon H Ballesteros,,
,Mignon Q Dills,,
,Miguel P Karp,,
,Mika J Rodriquez,,
,Mika Rodriquez,,
,Mike A Waddington,,
,Miles Lambert,,
,Miles N Light,,
,Millicent G Mangan,,
,Millicent Mangan,,
,Min X Buckmaster,,
,Mina P Shotwell,,
,Mina Shotwell,,
,Minta J Branham,,
,Mirian E Gorman,,
,Mirtha Herzig,,
,Mirtha X Herzig,,
,Misti H Mendenhall,,
,Misti Royal,,
,Moises U Hughs,,
,Molly U Rasch,,
,Monte F Mcginn,,
,Monty C Hughes,,
,Morgan Carriere,,
,Morgan K Rathbun,,
,Morgan Leonetti,,
,Morgan O Carriere,,
,Morgan V Leonetti,,
,Mose Brucker,,
,Mose O Brucker,,
,Mumin Yusha,,
,Murray D Pennock,,
,Myles G Strum,,
,Myra H Parra,,
,Myron Elsea,,
,Myron V Elsea,,
,Nadia B Rosner,,
,Nancy V Trogdon,,
,Nannette Ressler,,
,Nannie Z Seeman,,
,Narcisa C Rayburn,,
,Natasha L Mcelhannon,,
,Nathan Avendano,,
,Nathan V Avendano,,
,Nathanael G Mcmillin,,
,Nathanael Halloway,,
,Nathanael W Ohl,,
,Neil Gebhard,,
,Neil V Gebhard,,
,Neil Z Stoughton,,
,Nelida E Cheeks,,
,Nella Mckeown,,
,Nelson Dubuc,,
,Nelson O Dubuc,,
,Neomi P Pitchford,,
,Nestor T Ventura,,
,Nettie T Mccandless,,
,Newton L Cromartie,,
,Newton V Scalia,,
,Ngoc P Pogue,,
,Ngoc X Watson,,
,Nicholas B Salcedo,,
,Nick Q Packard,,
,Nickolas G Grossi,,
,Nicola S Bellis,,
,Nicolle A Crothers,,
,Nigel K Wadsworth,,
,Nigel O Sansom,,
,Nigel V Dupras,,
,Nikia Z Thrasher,,
,Nilsa Arambula,,
,Noah O Love,,
,Noble Sanderson,,
,Noel Garon,,
,Nolan V Velazco,,
,Norris P Ewen,,
,Novella B Osman,,
,Novella Osman,,
,Odette Gorden,,
,Olevia U Cartier,,
,Oliver Mouzon,,
,Omer H Moultrie,,
,Ona K Koepp,,
,Oren M Mcnabb,,
,Oren Mcnabb,,
,Orval N Pichardo,,
,Orval Olinger,,
,Orval Q Olinger,,
,Orval Q Schlesinger,,
,Orville Marcantel,,
,Orville Massey,,
,Oscar R Bovee,,
,Oswaldo Baumbach,,
,Otha Sylvester,,
,Otha T Orrell,,
,Otto Reilly,,
,Palmer O Beamer,,
,Pansy Duchesne,,
,Pansy F Duchesne,,
,Paola R Timberlake,,
,Paris U Leite,,
,Patria D Riedel,,
,Patrick H Gilleland,,
,Patty Hosey,,
,Paz J Hegwood,,
,Perry E Huddleston,,
,Perry Outland,,
,Pete B Donnelly,,
,Petrina B Dampier,,
,Petrina Dampier,,
,Phil Czarnecki,,
,Phil G Czarnecki,,
,Phil T Urena,,
,Philip Trinidad,,
,Philip X Trinidad,,
,Phillip Crabill,,
,Phyllis Figueredo,,
,Porfirio Houghton,,
,Porsche Dearing,,
,Prince Maloof,,
,Providencia Hennings,,
,Queenie M Alder,,
,Quinn Linneman,,
,Rachelle M Burkhead,,
,Rafaela Madrid,,
,Rafaela N Madrid,,
,Raguel Yeager,,
,Ramon Heldt,,
,Ramona V Hemphill,,
,Ramona W Rand,,
,Ramonita Z Fincher,,
,Randal J Kahle,,
,Randal Kahle,,
,Randee O Cassity,,
,Randee X Blunt,,
,Raphael W Kellner,,
,Rashida M Durante,,
,Raye T Willmon,,
,Raymon I Chavarria,,
,Raymond U Flavin,,
,Raymundo Pecora,,
,Reagan H Costas,,
,Reanna I Hampton,,
,Reatha E Osby,,
,Rebeca Kromer,,
,Reed O Vella,,
,Reed Vella,,
,Reggie Cramer,,
,Reinaldo Castellanos,,
,Reinaldo G Castellanos,,
,Renaldo K Cheatham,,
,Rene Morel,,
,Ressie Goodwyn,,
,Ressie I Goodwyn,,
,Retha G Nealy,,
,Rex K Dion,,
,Reyes X Segal,,
,Reynalda M Millwood,,
,Reynaldo S Service,,
,Rhett A Chapple,,
,Rhett H Goode,,
,Rich Cleek,,
,Rich Q Rehberg,,
,Rich Rehberg,,
,Richard C Truman,,
,Richard J Fetter,,
,Richelle Haffner,,
,Richie I Weisz,,
,Rick E Armenta,,
,Rick Y Haefner,,
,Rickey I Delk,,
,Rina L Chacon,,
,Rob Spier,,
,Robbie N Heckman,,
,Robert Ancheta,,
,Robert C Ancheta,,
,Robert F Trudeau,,
,Robert Winsor,,
,Roberto A Fresquez,,
,Roberto U Derry,,
,Robin Z Stewart,,
,Rod Catania,,
,Rodney Leonardo,,
,Rogelio Finnerty,,
,Rogelio Ledezma,,
,Rolando Womble,,
,Ronnie E Swim,,
,Ronnie G Gumbs,,
,Ronnie H Upton,,
,Ronnie Upton,,
,Rory Syed,,
,Rosa Iler,,
,Rosaline H Brenneman,,
,Rosalva G Shepley,,
,Rosanna D Standley,,
,Roscoe Tunney,,
,Roselia F Britton,,
,Rosella E Marron,,
,Rosemarie K Fellows,,
,Rosetta Messerly,,
,Rosette F Cascio,,
,Rosina Gonsalves,,
,Ross Imai,,
,Rosy U Baumeister,,
,Roy W Wilkie,,
,Royal U Okeefe,,
,Royce K Goodwyn,,
,Rozanne N Mielke,,
,Rubin Confer,,
,Rubin E Confer,,
,Ruby B Hare,,
,Rueben X Pidgeon,,
,Rufus F Furlong,,
,Rufus Neufeld,,
,Russ I Teed,,
,Russ U Belliveau,,
,Russel Baumer,,
,Rusty Bibby,,
,Sal C Heiden,,
,Salena I Santillan,,
,Salena Santillan,,
,Salvatore J Lindell,,
,Sam C Limones,,
,Sam E Lacey,,
,Samantha V Lucky,,
,Sammy C Holtzclaw,,
,Samuel Dart,,
,Sanford Knee,,
,Sarita P Schubert,,
,Scott D Torrey,,
,Scott K Ricco,,
,Selma Abram,,
,Sena U Delrosario,,
,Serina Lingle,,
,Seth N Lipsky,,
,Seth Willilams,,
,Shanelle Z Hick,,
,Shannon J Force,,
,Shanti F Quirion,,
,Shanti P Brinegar,,
,Shanti Quirion,,
,Shara Millsap,,
,Sharda W Choudhury,,
,Sharita Y Lombardi,,
,Sharlene Klein,,
,Sharonda Janzen,,
,Sharri Z Gormley,,
,Sharyl Y Torian,,
,Shasta F Bay,,
,Shasta P Depuy,,
,Shavon K Wescott,,
,Shavonne B Boylan,,
,Shavonne Henkle,,
,Shawanda Ostlund,,
,Shayne T Claytor,,
,Sheila F Bergman,,
,Shemika D Porterfield,,
,Sherise Bledsoe,,
,Sherise C Bledsoe,,
,Sherlene E Mcdaniel,,
,Sherryl B Raker,,
,Sherryl Raker,,
,Sherwood K Shire,,
,Sheryll X Broadbent,,
,Shirl M Caraballo,,
,Shirley H Mettler,,
,Sidney D Amore,,
,Silas J Wojcik,,
,Silas S Pyatt,,
,Silvana V Hendrix,,
,Simon G Cromwell,,
,Sixta H Jo,,
,Sixta Jo,,
,Sol Coffman,,
,Sol K Roger,,
,Solange Landaverde,,
,Son D Ricketts,,
,Sonny Najar,,
,Sophia F Knecht,,
,Stacey H Galante,,
,Stacy B Kennell,,
,Stan I Folks,,
,Stan S Watt,,
,Stanley Caudill,,
,Stanley F Casillas,,
,Stanton Y Cavallaro,,
,Stasia L Daley,,
,Stefanie P Rose,,
,Stephan Q Ranger,,
,Stephnie Millman,,
,Steve S Everette,,
,Steven B Daigneault,,
,Steven Daigneault,,
,Stewart Mazurek,,
,Stuart Fullwood,,
,Suellen Eoff,,
,Sunshine F Earle,,
,Susan Barra,,
,Susana H Hooks,,
,Susana Hooks,,
,Susann A Faucett,,
,Suzette F Lovejoy,,
,Suzette Lovejoy,,
,Sydney Trosper,,
,Sylvester Harmer,,
,Sylvester M Harmer,,
,Sylvester Z Blackledge,,
,Tad Laster,,
,Tad Portillo,,
,Tad V Laster,,
,Talisha F Nicklas,,
,Tamera Balser,,
,Tamesha I Knepper,,
,Tamica J Holoman,,
,Tammi S Garret,,
,Tammy Staples,,
,Tammy Z Lorentz,,
,Taneka Q Church,,
,Tanner Y Hollenbeck,,
,Tawanda E Buchanon,,
,Taylor O Thill,,
,Taylor Thill,,
,Tayna L Covarrubias,,
,Teddy Kleinschmidt,,
,Tempie Peralta,,
,Terra D Routh,,
,Terra Routh,,
,Terrance E Schiefelbein,,
,Terrell J Leader,,
,Terrell Leader,,
,Theda Timothy,,
,Theresa Fitzmaurice,,
,Theresa R Fitzmaurice,,
,Therese Q Belden,,
,Theron T Kramer,,
,Thomas B Felipe,,
,Thomas H Huang,,
,Thora Vanhook,,
,Thurman T Caceres,,
,Tiffaney A Schoenberg,,
,Tiffaney Schoenberg,,
,Tim N Schueller,,
,Tim U Kornegay,,
,Timmy I Poteat,,
,Timmy Kitchens,,
,Tinisha V Vince,,
,Tiny Llanos,,
,Tiny Q Llanos,,
,Tiny Z Oliveri,,
,Titus Eide,,
,Toby Riles,,
,Tod Rene,,
,Toi F Stallard,,
,Tomas V Krout,,
,Tommie S Fargo,,
,Tommy I Meadows,,
,Tona S Huseby,,
,Toney Buffum,,
,Toney O Gentle,,
,Toney W Bollman,,
,Tonia Silvis,,
,Tonia X Silvis,,
,Tonja E Lenahan,,
,Tonja Lenahan,,
,Tony E Keough,,
,Tony Keough,,
,Towanda H Matson,,
,Toya B Rawlins,,
,Tracey Lapinski,,
,Tracie J Winebarger,,
,Trent J Lockman,,
,Tressa Q Standard,,
,Tressa Standard,,
,Trey Kaiser,,
,Tristan L Cockrell,,
,Tristan M Brackett,,
,Troy J Higbee,,
,Troy Michalski,,
,Tuan L Rhymes,,
,Tyler D Galindo,,
,Tyler Galindo,,
,Tyler N Larkins,,
,Tyree W Linden,,
,Tyrell R Bramlett,,
,Tyson High,,
,Ula W Hartl,,
,Ulysses S Abate,,
,Un Zebrowski,,
,Ute Outen,,
,Valarie O Gorecki,,
,Valencia M Cuffee,,
,Valene R Yost,,
,Valene Yost,,
,Valene Z Woodmansee,,
,Valentin Escoto,,
,Valentin T Dearborn,,
,Valentine Gibbon,,
,Valeria Fang,,
,Van E Broadbent,,
,Van T Dotson,,
,Vance Kuss,,
,Vasiliki E Thoman,,
,Vasiliki Thoman,,
,Vaughn Garica,,
,Vaughn N Garica,,
,Velda V Larue,,
,Verla H Contreras,,
,Vern T Lomeli,,
,Vernell X Amado,,
,Verona H Brobst,,
,Veronica I Mower,,
,Vicki V Broussard,,
,Vicki Y Hargrave,,
,Victor Helmuth,,
,Victoria H Musson,,
,Vikki N Lezama,,
,Vincent N Lennon,,
,Vincenzo Rentschler,,
,Vinita E Chamber,,
,Violet L Ertel,,
,Virgil R Yuen,,
,Vivienne X Binion,,
,Voncile P Trojanowski,,
,Vonda U Mckinnis,,
,Waldo Witmer,,
,Walter B Mcmorrow,,
,Walter H Hargreaves,,
,Walter R Seddon,,
,Walton S Keim,,
,Walton U Kapoor,,
,Warner I Manly,,
,Warren L Manion,,
,Waylon Z Curtsinger,,
,Wendolyn Riddle,,
,Whitney N Wasinger,,
,Wiley U Maske,,
,Wilfred Honore,,
,Wilhelmina Y Keaney,,
,Willia Vath,,
,William B Mcnerney,,
,Williams Timko,,
,Willian Zeringue,,
,Willis D Weissman,,
,Wilton Florence,,
,Windy A Dudek,,
,Windy Dudek,,
,Windy Pharr,,
,Windy S Pharr,,
,Windy Valadez,,
,Winona Slape,,
,Wm S Goldschmidt,,
,Xochitl Hogan,,
,Xochitl Luse,,
,Yong Ramsey,,
,Young Rueb,,
,Young W Funes,,
,Yung G Booher,,
,Yvone Seay,,
,Zachary Haugland,,
,Zachary S Velasquez,,
,Zachary U Breeden,,
,Zachary Velasquez,,
,Zachery Barna,,
,Zack H Mumaw,,
,Zackary G Parkins,,
,Zana G Ordonez,,
,Zane J Hurdle,,
,Zella Renn,,
,Zenia D Owings,,
,Zoila X Nair,,
